species_common,species_scientific,inventory,tree_id,dbh_cm,height_m,risk_class
Narra,Pterocarpus indicus,Bachelors_Garden,1,32.8,13.28,Low
Narra,Pterocarpus indicus,Bachelors_Garden,17,34,14.11,Low
Narra,Pterocarpus indicus,Bachelors_Garden,18,32,12.45,Moderate
Narra,Pterocarpus indicus,Bachelors_Garden,19,25,14.94,Moderate
Narra,Pterocarpus indicus,Bachelors_Garden,20,30.5,15.77,Low
Narra,Pterocarpus indicus,Bachelors_Garden,22,62,16.6,Moderate
Narra,Pterocarpus indicus,Bachelors_Garden,23,31,14.94,Low
Narra,Pterocarpus indicus,Bachelors_Garden,29,22.6,14.11,Low
Narra,Pterocarpus indicus,Bachelors_Garden,32,73,18.26,Low
Narra,Pterocarpus indicus,Bachelors_Garden,33,16,12.45,Low
Narra,Pterocarpus indicus,Bachelors_Garden,34,77,21.58,Low
Narra,Pterocarpus indicus,Bachelors_Garden,39,29,15.77,Low
Narra,Pterocarpus indicus,Bachelors_Garden,40,36.5,15.77,Low
Narra,Pterocarpus indicus,Bachelors_Garden,53,15,11.62,Low
Narra,Pterocarpus indicus,Bachelors_Garden,54,11.5,11.62,Low
Narra,Pterocarpus indicus,Bachelors_Garden,55,11.5,11.62,Low
Narra,Pterocarpus indicus,Bachelors_Garden,56,46,17.43,Low
Narra,Pterocarpus indicus,Bachelors_Garden,57,16,11.62,Low
Narra,Pterocarpus indicus,Bachelors_Garden,58,12.3,5.64,Low
Narra,Pterocarpus indicus,Bachelors_Garden,60,15,10.77,Low
Narra,Pterocarpus indicus,Bachelors_Garden,61,47.1,17.43,Low
Narra,Pterocarpus indicus,Bachelors_Garden,62,15,12.45,High
Narra,Pterocarpus indicus,Bachelors_Garden,63,11.6,11.62,Low
Narra,Pterocarpus indicus,Bachelors_Garden,64,51,18.26,Low
Narra,Pterocarpus indicus,Bachelors_Garden,65,12.2,11.62,Low
Narra,Pterocarpus indicus,Bachelors_Garden,66,11,10.77,Moderate
Narra,Pterocarpus indicus,Bachelors_Garden,67,32.5,17.43,Low
Narra,Pterocarpus indicus,Bachelors_Garden,69,42.7,17.43,Low
Narra,Pterocarpus indicus,Bachelors_Garden,70,16.5,13.28,Low
Narra,Pterocarpus indicus,Bachelors_Garden,72,10.1,5.64,Low
Narra,Pterocarpus indicus,Bachelors_Garden,76,56,15.77,Low
Narra,Pterocarpus indicus,Bachelors_Garden,77,11.9,8.3,Low
Narra,Pterocarpus indicus,Bachelors_Garden,78,25.5,13.28,Low
Narra,Pterocarpus indicus,Bachelors_Garden,79,56.7,20.75,Low
Narra,Pterocarpus indicus,Bachelors_Garden,83,49,16.6,High
Narra,Pterocarpus indicus,Bachelors_Garden,84,70.5,18.26,Low
Narra,Pterocarpus indicus,Bachelors_Garden,93,68.2,18.26,Low
Narra,Pterocarpus indicus,Bachelors_Garden,102,34,13.28,Moderate
Narra,Pterocarpus indicus,Bachelors_Garden,115,38.3,13.28,Moderate
Narra,Pterocarpus indicus,Bachelors_Garden,119,24,13.28,High
Narra,Pterocarpus indicus,Western_Section,230,33.5,7.8,High
Narra,Pterocarpus indicus,Western_Section,255,41,15.11,High
Narra,Pterocarpus indicus,Western_Section,632,78,13.27,High
Narra,Pterocarpus indicus,Western_Section,1,58.1,12.12,Low
Narra,Pterocarpus indicus,Western_Section,2,69.7,12.12,Low
Narra,Pterocarpus indicus,Western_Section,75,18.1,7.9,Low
Narra,Pterocarpus indicus,Western_Section,113,25.6,17.85,Low
Narra,Pterocarpus indicus,Western_Section,121,7,4.46,Low
Narra,Pterocarpus indicus,Western_Section,137,6.7,4.81,Low
Narra,Pterocarpus indicus,Western_Section,138,10.5,6.97,Low
Narra,Pterocarpus indicus,Western_Section,140,8.5,3.57,Low
Narra,Pterocarpus indicus,Western_Section,142,6.8,5.15,Low
Narra,Pterocarpus indicus,Western_Section,144,8.2,3.98,Low
Narra,Pterocarpus indicus,Western_Section,146,14,8.3,Low
Narra,Pterocarpus indicus,Western_Section,148,24.3,13.28,Low
Narra,Pterocarpus indicus,Western_Section,169,81,16.6,Low
Narra,Pterocarpus indicus,Western_Section,172,19.3,8.3,Low
Narra,Pterocarpus indicus,Western_Section,174,29,12.45,Low
Narra,Pterocarpus indicus,Western_Section,175,57.2,15.77,Low
Narra,Pterocarpus indicus,Western_Section,178,27.8,7.14,Low
Narra,Pterocarpus indicus,Western_Section,179,30.1,16.6,Low
Narra,Pterocarpus indicus,Western_Section,180,42,16.6,Low
Narra,Pterocarpus indicus,Western_Section,181,11.1,6.3,Low
Narra,Pterocarpus indicus,Western_Section,183,77.1,18.26,Low
Narra,Pterocarpus indicus,Western_Section,184,58,16.6,Low
Narra,Pterocarpus indicus,Western_Section,187,51.5,17.02,Low
Narra,Pterocarpus indicus,Western_Section,191,34,12.45,Low
Narra,Pterocarpus indicus,Western_Section,192,36,16.6,Low
Narra,Pterocarpus indicus,Western_Section,197,40.2,11.62,Low
Narra,Pterocarpus indicus,Western_Section,199,41,14.94,Low
Narra,Pterocarpus indicus,Western_Section,209,18.8,11.21,Low
Narra,Pterocarpus indicus,Western_Section,222,16.5,4.98,Low
Narra,Pterocarpus indicus,Western_Section,225,28,4.64,Low
Narra,Pterocarpus indicus,Western_Section,226,22.3,6.81,Low
Narra,Pterocarpus indicus,Western_Section,227,27.8,6.97,Low
Narra,Pterocarpus indicus,Western_Section,228,59.5,16.19,Low
Narra,Pterocarpus indicus,Western_Section,231,57.6,15.36,Low
Narra,Pterocarpus indicus,Western_Section,232,25.3,7.39,Low
Narra,Pterocarpus indicus,Western_Section,233,59.5,14.53,Low
Narra,Pterocarpus indicus,Western_Section,234,47,13.28,Low
Narra,Pterocarpus indicus,Western_Section,235,36.3,12.45,Low
Narra,Pterocarpus indicus,Western_Section,236,43.5,10.45,Low
Narra,Pterocarpus indicus,Western_Section,238,30.5,14.94,Low
Narra,Pterocarpus indicus,Western_Section,239,25,8.3,Low
Narra,Pterocarpus indicus,Western_Section,248,47,14.11,Low
Narra,Pterocarpus indicus,Western_Section,249,32,9.96,Low
Narra,Pterocarpus indicus,Western_Section,251,42.5,9.96,Low
Narra,Pterocarpus indicus,Western_Section,252,39.1,15.36,Low
Narra,Pterocarpus indicus,Western_Section,253,29.2,5.81,Low
Narra,Pterocarpus indicus,Western_Section,254,38,15.11,Low
Narra,Pterocarpus indicus,Western_Section,256,18.2,8.63,Low
Narra,Pterocarpus indicus,Western_Section,257,50,15.11,Low
Narra,Pterocarpus indicus,Western_Section,258,24.6,6.64,Low
Narra,Pterocarpus indicus,Western_Section,259,45.3,15.27,Low
Narra,Pterocarpus indicus,Western_Section,260,42,14.11,Low
Narra,Pterocarpus indicus,Western_Section,289,10.6,6.64,Low
Narra,Pterocarpus indicus,Western_Section,302,6,3.32,Low
Narra,Pterocarpus indicus,Western_Section,317,30.8,9.96,Low
Narra,Pterocarpus indicus,Western_Section,336,7,2.99,Low
Narra,Pterocarpus indicus,Western_Section,406,41,11.5,Low
Narra,Pterocarpus indicus,Western_Section,445,48.5,6.64,Low
Narra,Pterocarpus indicus,Western_Section,448,16,6.64,Low
Narra,Pterocarpus indicus,Western_Section,449,34,6.64,Low
Narra,Pterocarpus indicus,Western_Section,450,12.2,4.98,Low
Narra,Pterocarpus indicus,Western_Section,451,21,6.64,Low
Narra,Pterocarpus indicus,Western_Section,456,32,9.96,Low
Narra,Pterocarpus indicus,Western_Section,457,28.1,9.96,Low
Narra,Pterocarpus indicus,Western_Section,463,46,15.77,Low
Narra,Pterocarpus indicus,Western_Section,464,51,15.77,Low
Narra,Pterocarpus indicus,Western_Section,465,49,15.77,Low
Narra,Pterocarpus indicus,Western_Section,466,35,13.28,Low
Narra,Pterocarpus indicus,Western_Section,467,41,15.77,Low
Narra,Pterocarpus indicus,Western_Section,468,43,13.28,Low
Narra,Pterocarpus indicus,Western_Section,469,40,13.28,Low
Narra,Pterocarpus indicus,Western_Section,470,40,16.6,Low
Narra,Pterocarpus indicus,Western_Section,473,117.2,18.26,Low
Narra,Pterocarpus indicus,Western_Section,475,54,15.77,Low
Narra,Pterocarpus indicus,Western_Section,477,99,15.77,Low
Narra,Pterocarpus indicus,Western_Section,516,24,11.77,Low
Narra,Pterocarpus indicus,Western_Section,517,40.8,13.28,Low
Narra,Pterocarpus indicus,Western_Section,613,46,15.24,Low
Narra,Pterocarpus indicus,Western_Section,630,41.5,14.94,Low
Narra,Pterocarpus indicus,Western_Section,635,74,15.77,Low
Narra,Pterocarpus indicus,Western_Section,636,37,9.96,Low
Narra,Pterocarpus indicus,Western_Section,637,42,13.28,Low
Narra,Pterocarpus indicus,Western_Section,638,29.2,9.96,Low
Narra,Pterocarpus indicus,Western_Section,642,50,14.94,Low
Narra,Pterocarpus indicus,Western_Section,643,70.2,14.94,Low
Narra,Pterocarpus indicus,Western_Section,646,43,13.28,Low
Narra,Pterocarpus indicus,Western_Section,651,57,16.6,Low
Narra,Pterocarpus indicus,Western_Section,652,39,5.81,Low
Narra,Pterocarpus indicus,Western_Section,653,27,11.96,Low
Narra,Pterocarpus indicus,Western_Section,658,42,8.3,Low
Narra,Pterocarpus indicus,Western_Section,660,74,15.77,Low
Narra,Pterocarpus indicus,Western_Section,661,50,15.77,Low
Narra,Pterocarpus indicus,Western_Section,670,20,9.96,Low
Narra,Pterocarpus indicus,Western_Section,673,49,15.77,Low
Narra,Pterocarpus indicus,Western_Section,674,45,8.3,Low
Narra,Pterocarpus indicus,Western_Section,675,31,11.96,Low
Narra,Pterocarpus indicus,Western_Section,676,55,16.6,Low
Narra,Pterocarpus indicus,Western_Section,681,51,14.94,Low
Narra,Pterocarpus indicus,Western_Section,682,33.4,12.45,Low
Narra,Pterocarpus indicus,Western_Section,683,57.5,13.98,Low
Narra,Pterocarpus indicus,Western_Section,686,56,14.94,Low
Narra,Pterocarpus indicus,Western_Section,687,47,11.94,Low
Narra,Pterocarpus indicus,Western_Section,761,97,13.28,Low
Narra,Pterocarpus indicus,Western_Section,762,38,11.96,Low
Narra,Pterocarpus indicus,Western_Section,633,28.6,4.96,Low
Narra,Pterocarpus indicus,Western_Section,30,55.9,12.25,Moderate
Narra,Pterocarpus indicus,Western_Section,86,21.28,11.62,Moderate
Narra,Pterocarpus indicus,Western_Section,182,43,14.94,Moderate
Narra,Pterocarpus indicus,Western_Section,237,30,12.38,Moderate
Narra,Pterocarpus indicus,Western_Section,452,28,8.3,Moderate
Narra,Pterocarpus indicus,Western_Section,626,17,8.3,Moderate
Narra,Pterocarpus indicus,Western_Section,634,38.6,12.45,Moderate
Narra,Pterocarpus indicus,Western_Section,645,43,12.45,Moderate
Narra,Pterocarpus indicus,Western_Section,655,31.5,8.3,Moderate
Narra,Pterocarpus indicus,Western_Section,656,22,7.47,Moderate
Narra,Pterocarpus indicus,Western_Section,684,50.8,10.29,Moderate
Narra,Pterocarpus indicus,Western_Section,685,22.5,8.3,Moderate
Narra,Pterocarpus indicus,Western_Section,764,59,13.28,Moderate
Talisay,Terminalia catappa,Western_Section,472,12,5.4,High
Talisay,Terminalia catappa,Western_Section,6,23,6.64,Low
Talisay,Terminalia catappa,Western_Section,10,49.4,8.3,Low
Talisay,Terminalia catappa,Western_Section,11,35,8.63,Low
Talisay,Terminalia catappa,Western_Section,17,20,6.97,Low
Talisay,Terminalia catappa,Western_Section,23,36,9.35,Low
Talisay,Terminalia catappa,Western_Section,64,24,6.64,Low
Talisay,Terminalia catappa,Western_Section,190,18.3,9.63,Low
Talisay,Terminalia catappa,Western_Section,298,9.4,3.82,Low
Talisay,Terminalia catappa,Western_Section,471,50,11.62,Low
Talisay,Terminalia catappa,Western_Section,480,56,13.28,Low
Talisay,Terminalia catappa,Western_Section,491,38.2,11.62,Low
Talisay,Terminalia catappa,Western_Section,497,19,12.45,Low
Talisay,Terminalia catappa,Western_Section,498,42,13.3,Low
Talisay,Terminalia catappa,Western_Section,505,12.8,8.3,Low
Talisay,Terminalia catappa,Western_Section,506,23.5,11.77,Low
Talisay,Terminalia catappa,Western_Section,508,17,10,Low
Talisay,Terminalia catappa,Western_Section,519,21.5,9.96,Low
Talisay,Terminalia catappa,Western_Section,520,29,9.96,Low
Talisay,Terminalia catappa,Western_Section,528,23,10.29,Low
Talisay,Terminalia catappa,Western_Section,540,49,13.28,Low
Talisay,Terminalia catappa,Western_Section,542,23,10.79,Low
Talisay,Terminalia catappa,Western_Section,546,18,9.96,Low
Talisay,Terminalia catappa,Western_Section,606,23,10.77,Low
Talisay,Terminalia catappa,Western_Section,607,30.4,10.79,Low
Talisay,Terminalia catappa,Western_Section,608,26,10.79,Low
Talisay,Terminalia catappa,Western_Section,611,35,10.77,Low
Talisay,Terminalia catappa,Western_Section,648,17,5.81,Low
Talisay,Terminalia catappa,Western_Section,649,15.2,5.81,Low
Talisay,Terminalia catappa,Western_Section,689,18,8.3,Low
Talisay,Terminalia catappa,Western_Section,727,17,10.79,Low
Talisay,Terminalia catappa,Western_Section,728,44,14.94,Low
Talisay,Terminalia catappa,Western_Section,731,23,11.7,Low
Talisay,Terminalia catappa,Western_Section,107,41.1,12.45,Moderate
Talisay,Terminalia catappa,Western_Section,177,30.3,13.28,Moderate
Talisay,Terminalia catappa,Western_Section,527,58,12.28,Moderate
Talisay,Terminalia catappa,Western_Section,548,45,15.77,Moderate
Banaba,Lagerstroemia speciosa,Western_Section,511,34.6,8.3,High
Banaba,Lagerstroemia speciosa,Western_Section,15,29,6.47,Low
Banaba,Lagerstroemia speciosa,Western_Section,512,11.66,5.31,Low
Banaba,Lagerstroemia speciosa,Western_Section,513,10.5,4.15,Low
Banaba,Lagerstroemia speciosa,Western_Section,514,31,8.3,Low
Banaba,Lagerstroemia speciosa,Western_Section,515,33,11.77,Low
Banaba,Lagerstroemia speciosa,Western_Section,529,19.5,6.47,Low
Banaba,Lagerstroemia speciosa,Western_Section,530,14.4,3.82,Low
Banaba,Lagerstroemia speciosa,Western_Section,543,11,3.65,Low
Banaba,Lagerstroemia speciosa,Western_Section,765,21,4.98,Low
Banaba,Lagerstroemia speciosa,Western_Section,460,20.5,4.15,Moderate
Banaba,Lagerstroemia speciosa,Western_Section,502,13,3.82,Moderate
Banaba,Lagerstroemia speciosa,Western_Section,545,30,10.79,Moderate
